grupo_id,nome,membros,parece_excluivel
99,Amostra Extensivo (Atualizado),5638,sim
273,Pacote Especial 10 anos ,3537,nao
283,Amostra Passaporte (atualizado),2256,sim
67,Presente de Natal 2024,2184,nao
72,Mentoria Marco Zero - Iniciante,1996,nao
263,Amostra Pré-Edital AGU,1908,sim
184,JurisClub ,1441,nao
244,Concurso Simulado AGU,1221,nao
73,Mentoria Meio Campo - Intermediário,1177,nao
226,Amostra Passaporte (),1104,sim
106,Amostra Passaporte - 2 Semanas (desatualizado),1036,sim
271,Semana de atualização - 6 em 7 dias,987,nao
222,Amostra Jurisclub - Abril 2026,843,sim
188,Presente de Natal 2025 Revisão,762,nao
212,SFPGEAL2602 - Sprint Final PGE/AL,491,nao
30,Extensivo - Turma Novembro 2023,482,nao
97,Extensivo Completão - Vitalicio,467,nao
205,Extensivo Black Março 2026,433,nao
64,Mentoria Faixa Preta - Avançado,408,nao
163,Extensivo Novembro - 2025 - Vitalício,387,nao
100,Extensivo 2025 - Black Abril ,366,nao
179,SFPGMRJ1611 - Sprint Final PGM/RJ,364,nao
220,Amostra Passaporte (desatualizado),274,sim
52,Extensivo Advocacia Pública Novembro de 2024,270,nao
42,Passaporte - Turma Janeiro de 2024,268,nao
160,Amostra - Extensivo Novembro (desatualizado),189,sim
38,Passaporte - Turma Janeiro de 2023,187,nao
185,Aulão de Véspera PGM/RJ ,177,nao
143,Aulão de véspera PGE MT,164,nao
39,Passaporte - Turma Maio de 2023,162,nao
82,DIREITO ADMINISTRATIVO - Matéria Avulsa Novo,158,nao
47,Foco Total,152,nao
301,Assinatura ENAP + AGU Vitalício,143,nao
105,Assinatura Ilimitada PGE/MT,143,nao
84,DIREITO TRIBUTÁRIO - Matéria Avulsa Nova,141,nao
153,Aulão de véspera PGE TO,129,nao
37,Módulo online de prova oral,129,nao
41,Passaporte - Turma Setembro de 2023,128,nao
43,Passaporte - Turma Fevereiro de 2024,116,nao
14,DIREITO CONSTITUCIONAL - Matéria Avulsa,115,nao
76,Extensivo Janeiro 2025,114,nao
83,DIREITO PROCESSUAL CIVIL - Matéria Avulsa Nova,110,nao
33,Extensivo - Turma Maio 2024,110,nao
44,Passaporte - Turma Maio de 2024,103,nao
40,Passaporte - Turma Julho de 2023,99,nao
10,DIREITO CIVIL - Matéria Avulsa,99,nao
1,Extensivo Advocacia Pública - Turma Julho de 2024,92,nao
94,Sprint Final PGM/Campinas,89,nao
114,Extensivo - Turma Julho 2025,88,nao
23,Aulão de Véspera PGE/PR,88,nao
34,Sprint Final Oficial de Justiça TJMT,83,nao
31,Extensivo - Turma Janeiro 2024,82,nao
232,Sprint 45 dias PGE/AL,80,nao
194,Curso de Prova Oral PGE/MT,79,nao
109,Sprint Discursiva PGM/Campinas - Com correção,79,nao
169,Flashcards | Extensivo - Vitalício ,78,nao
168,Sprint Discursiva PGE/TO | COM CORREÇÃO,74,nao
65,Módulo de português,74,nao
7,DIREITO PREVIDENCIÁRIO - Matéria Avulsa,74,nao
165,Sprint Discursiva PGE MT | COM CORREÇÃO,73,nao
290,Passaporte Agosto Vitalício - Ganhadores da Copa,72,nao
247,SDPGEAC260528 - Sprint Discursiva PGE/AC | COM CORREÇÃO,69,nao
142,Sprint Final PGE/MT,69,nao
12,DIREITO DO TRABALHO - Matéria Avulsa,69,nao
309,Aulão de Véspera - PGM Curitiba,68,nao
207,SFAPGERN2603 - Sprint Final Analista da PGE/RN,68,nao
104,Pré-Edital PGE/MT,67,nao
92,Sprint Discursiva PGM/Aracaju com correção,67,nao
19,DIREITO EMPRESARIAL - Matéria Avulsa,67,nao
9,DIREITO FINANCEIRO - Matéria Avulsa,67,nao
102,Sprint Final PGE PI,61,nao
22,DIREITO PROCESSUAL DO TRABALHO - Matéria Avulsa,61,nao
172,Flashcards | Extensivo - 12 meses,60,nao
54,Sprint Final PGM/Aracaju,60,nao
58,Sprint Discursiva PGE/PR - Com Correção,59,nao
5,DIREITO PREVIDENCIÁRIO PÚBLICO - Matéria Avulsa,56,nao
258,Concurso Simulado - Prova Discursiva,54,nao
192,Extensivo Janeiro 2026,54,nao
182,Curso de Prova Oral PGE/ES,54,nao
32,Extensivo - Turma Fevereiro 2024,53,nao
140,Sprint Final PGE/TO,52,nao
272,SFPGMMANAUS2607 - Sprint Final PGM/Manaus,50,nao
202,SFPGEAC2602 - Sprint Final PGE/AC,47,nao
16,DIREITO PROCESSUAL PENAL - Matéria Avulsa,47,nao
208,SFAPGMPOA2603 - Sprint Analista PGM/Porto Alegre,46,nao
210,SFPGMPV2603 - Sprint Final PGM/Porto Velho,45,nao
265,SDPGMPV260622 - Sprint Discursiva PGM/Porto Velho - com correção,44,nao
230,Extensivo Maio 2026 - 2 anos,44,nao
132,Pré-Edital PGE/AL - 2025,44,nao
6,DIREITO AMBIENTAL - Matéria Avulsa,44,nao
18,DIREITO URBANÍSTICO - Matéria Avulsa,43,nao
8,DIREITO PENAL - Matéria Avulsa,43,nao
237,SFPGERJ2605 - Sprint Final PGE/RJ - sem correção,42,nao
95,Curso de Prova Oral - PGE/PR,42,nao
70,Curso de Prova Oral PGM Vitória,42,nao
56,Pré-Edital AL,42,nao
50,Curso de Prova Oral PGE/SP - 07 a 09/11,40,nao
269,Extensivo Julho 2026 ,39,nao
191,Módulo - PDFights,39,nao
218,Extensivo Abril 2026,38,nao
107,Sprint Final PGM/Uberlândia,38,nao
175,Sprint Discursiva UNICAMP | COM CORREÇÃO,35,nao
111,Sprint Final Analista PGM/RJ,33,nao
304,SFPGMCURITIBA260921 - Sprint Final PGM/Curitiba,32,nao
178,Extensivo Colaboradores,32,nao
279,SFPGMJUNDIAI,31,nao
120,Sprint Discursiva PGE/PI com correção,31,nao
196,Extensivo Fevereiro 2026,30,nao
24,Curso de Prova Oral PGM Cuiabá - 18 a 20/10,30,nao
284,PEPGMCURITIBA260727 - Pré-Edital PGM Curitiba,29,nao
75,Sprint Final MPU,29,nao
3,Sprint Discursiva PGM Cuiabá com correção,29,nao
183,Assinatura Ilimitada PGE/MA,28,nao
51,Curso de Prova Oral PGE/SP - 07 a 09/11 (apenas online),28,nao
251,Sprint Final PGM/Itajaí,27,nao
233,SFPGMCG2605 - Sprint Final PGM/Campina Grande - sem correção,26,nao
225,SFPGMPGSP2604 - Sprint Final PGM/Praia Grande,26,nao
158,Sprint Final ALE/RJ,26,nao
98,Extensivo - Dia do consumidor,26,nao
21,DIREITO ECONÔMICO - Matéria Avulsa,26,nao
234,SFPGMCG2605 - Sprint Final PGM/Campina Grande - com correção,25,nao
229,Pacote Especial PGE/AC,25,nao
141,Sprint Final PGM Paulínia,25,nao
289,Extensivo Vitalício - Agosto 2026 + 1 ano de mentoria,24,nao
198,Pré-Edital PGM/BH,24,nao
134,Assinatura Ilimitada PGE/MT + PGE/TO,23,nao
93,Sprint Discursiva PGM/Aracaju sem correção,23,nao
108,Pacote Especial PGM/Campinas,22,nao
53,Curso de Prova Oral PGE/SP - 06 a 08/12,22,nao
20,DIREITO DO CONSUMIDOR - Matéria Avulsa,22,nao
297,Passaporte - Turma Setembro de 2026,21,nao
250,Extensivo Junho 2026 - 1 anos,21,nao
174,Sprint Final PGM Senador Canedo/GO,21,nao
28,Curso de Prova Oral - PGE/GO - Turma Goiânia,21,nao
138,Sprint Final UNICAMP,20,nao
136,Sprint Final PGE ES ,20,nao
112,Pré-Edital PGE/MT - Turma II,20,nao
17,DIREITO AGRÁRIO - Matéria Avulsa,20,nao
219,SFALERR2604 - Sprint Final Procurador ALE/RR - Sem Correção,19,nao
162,Extensivo Novembro - 2025 - 1 ano,19,nao
45,Sprint Final Advogado dos Correios,19,nao
200,Sprint Discursiva ALERJ - Com Correção,17,nao
170,Mentoria X-force | 12 meses | Extensivo ,17,nao
146,Combo Legislação Local PGE/MT,17,nao
29,Extensivo - Turma Setembro 2023,17,nao
15,LEGISLAÇÃO PENAL ESPECIAL - Matéria Avulsa,17,nao
293,CPOPGMRJ260824 - Curso de Prova Oral - PGM/RJ,16,nao
110,Sprint Discursiva PGM/Campinas - Sem correção,16,nao
27,Curso de Prova Oral - PGE/GO - Turma BSB,16,nao
224,Extensivo + 1 ano de Sprints + Mentoria,15,nao
57,Sprint Discursiva PGE/PR - Sem Correção,15,nao
180,Pré-edital PGE MA,14,nao
173,Pré-Edital PGE/AL e PGE/BA,14,nao
130,Sprint Final PGM/Indaiatuba,14,nao
36,Sprint Discursiva PGM Juazeiro,14,nao
281,SFPREF. SANTOS/SP,13,nao
266,PEPGERS2606 - Pré-Edital PGE/RS,13,nao
199,Sprint Discursiva ALERJ - Sem Correção,13,nao
243,SFPGMCANOAS260527 - Sprint Final PGM/Canoas,12,nao
81,Extensivo Janeiro 2025 + 1 ano,12,nao
287,Passaporte - Turma Agosto de 2026,11,nao
228,Extensivo Maio 2026,11,nao
221,SFALERR2604 - Sprint Final Procurador ALE/RR - Com Correção,11,nao
176,Sprint Discursiva UNICAMP | SEM CORREÇÃO,11,nao
133,Pré-Edital PGE/MT + PGE/TO,11,nao
46,Sprint Final Analista da PGM Fortaleza,11,nao
296,Extensivo Setembro 2026 ,10,nao
239,Sprint Discursiva PGM/RJ | COM CORREÇÃO ,10,nao
167,Sprint Discursiva PGE/TO | SEM CORREÇÃO,10,nao
80,Extensivo Janeiro 2025 + 6 meses ,10,nao
253,Pacote Especial PGM/Porto Velho,9,nao
166,Sprint Discursiva PGE MT | SEM CORREÇÃO,9,nao
154,Sprint Final ALE/AM,9,nao
299,SFPGMALVORADA2609 - Sprint Final PGM/Alvorada,8,nao
246,Sprint Final PGM/Araguaína - Com correção,8,nao
236,SFPGMFI2605 - Sprint Final PGM/Foz do Iguaçu,8,nao
148,Disciplina Avulsa – Direito Agrário PGE/MT,8,nao
74,Manaus,8,nao
63,Sprint Final PGM Sinop,8,nao
59,Sprint Final TJR PGE/CE,8,nao
305,CPOALERR2609 - Curso de Prova oral - ALE RR - online,7,nao
302,Pré-Edital e Mentoria ENAP + AGU - Turma 2,7,nao
285,Pacote Especial PGE/RJ,7,nao
186,Sprint Final + Discursiva COM CORREÇÃO | Câmara Municipal de Boa Vista/RR,7,nao
151,Disciplina Avulsa – Princípios Institucionais da Advocacia Pública PGE/MT,7,nao
103,Mentoria - Turma ext abril,7,nao
55,Módulo do TSE Unificado,7,nao
262,Curso de prova oral ALE/RJ,6,nao
261,SDPGMPG260617 - Sprint Discursiva PGM Praia Grande_Com Correção,6,nao
255,Sprint Final PGE/MA,6,nao
307,SDPGMMANAUS - Sprint Discursiva PGM/Manaus - com correção,5,nao
121,Sprint Discursiva PGE/PI sem correção,5,nao
35,Aulão de Véspera TJMT,5,nao
264,SDPGMPV260622 - Sprint Discursiva PGM/Porto Velho - sem correção,4,nao
248,Sprint Discursiva PGE/AC | SEM CORREÇÃO,4,nao
187,Sprint Final + Discursiva SEM CORREÇÃO | Câmara Municipal de Boa Vista/RR,4,nao
147,Combo de Simulados PGE/MT,4,nao
288,Extensivo Agosto 2026 ,3,nao
252,Pacote Especial PGM/Praia Grande,3,nao
204,Extensivo Março 2026,3,nao
171,Preparação Discursiva para Procuradorias,3,nao
150,Disciplina Avulsa – Direito Ambiental PGE/MT,3,nao
149,Disciplina Avulsa – Direito do Trabalho e Direito Previdenciário PGE/MT ,3,nao
118,Extensivo - Turma Julho 2025 + 12 meses,3,nao
298,SFSETECCAMP - Sprint Final SETEC/Campinas,2,nao
257,teste simulado,2,sim
131,Mentoria - AGU,2,nao
311,Assinatura ENAP + AGU - Turma 02,1,nao
310,Sprint Discursiva PGM/Itajaí,1,nao
308,SDPGMMANAUS - Sprint Discursiva PGM/Manaus - sem correção,1,nao
306,Raciocínio Lógico Matemático - Matéria Avulsa,1,nao
294,SFPGERJESP2608 - Sprint Discursiva PGE/RJ - Sem correção,1,nao
260,SDPGMPG260617 - Sprint Discursiva PGM Praia Grande_Sem Correção,1,nao
242,SFPGMRJ2 - Sprint Discursiva PGM/RJ | SEM CORREÇÃO ,1,nao
177,	  Flashcards + Mentoria | Extensivo - 12 meses,1,nao
155,Sprint Final PGM Belém,1,nao
152,VadeMecum Tuiuiú – Vade de Legislação Local da PGE/MT,1,nao
117,Extensivo - Turma Julho 2025 + 6 meses,1,nao
115,Passaporte - Turma Julho de 2025 + 6 meses,1,nao
313,LIVRE,0,nao
312,SFPGERJESP2608 - Sprint Discursiva PGE/RJ - Com correção,0,nao
300,Passaporte Vitalício (T),0,nao
295,Sprint 45 dias PGM/Campina Grande,0,nao
292,CPOPGEAC2108 - Curso de Prova Oral - PGE/AC,0,nao
286,Radar Procuradorias,0,nao
254,Pacote Especial PGM/Senador Canedo,0,nao
245,Sprint Final PGM/Araguaína - Sem correção,0,nao
223,Sprintoria pelo Brasil ,0,nao
213,Aulão de véspera PGE/AL ,0,nao
211,Teste Steffany,0,sim
209,teste interno,0,sim
201,Sprint Final Procon/RJ,0,nao
193,Extensivo Janeiro 2026 + 1 ano,0,nao
157,180 dias em 7,0,nao