grupo_id,nome,membros,categoria
273,"Pacote Especial 10 anos ",3537,decidir
67,"Presente de Natal 2024",2184,decidir
188,"Presente de Natal 2025 Revisão",762,decidir
30,"Extensivo - Turma Novembro 2023",482,decidir
97,"Extensivo Completão - Vitalicio",467,decidir
205,"Extensivo Black Março 2026",433,decidir
163,"Extensivo Novembro - 2025 - Vitalício",387,decidir
100,"Extensivo 2025 - Black Abril ",366,decidir
52,"Extensivo Advocacia Pública Novembro de 2024",270,decidir
42,"Passaporte - Turma Janeiro de 2024",268,decidir
38,"Passaporte - Turma Janeiro de 2023",187,decidir
39,"Passaporte - Turma Maio de 2023",162,decidir
82,"DIREITO ADMINISTRATIVO - Matéria Avulsa Novo",158,decidir
47,"Foco Total",152,decidir
84,"DIREITO TRIBUTÁRIO - Matéria Avulsa Nova",141,decidir
41,"Passaporte - Turma Setembro de 2023",128,decidir
43,"Passaporte - Turma Fevereiro de 2024",116,decidir
14,"DIREITO CONSTITUCIONAL - Matéria Avulsa",115,decidir
76,"Extensivo Janeiro 2025",114,decidir
83,"DIREITO PROCESSUAL CIVIL - Matéria Avulsa Nova",110,decidir
33,"Extensivo - Turma Maio 2024",110,decidir
44,"Passaporte - Turma Maio de 2024",103,decidir
40,"Passaporte - Turma Julho de 2023",99,decidir
10,"DIREITO CIVIL - Matéria Avulsa",99,decidir
1,"Extensivo Advocacia Pública - Turma Julho de 2024",92,decidir
114,"Extensivo - Turma Julho 2025",88,decidir
31,"Extensivo - Turma Janeiro 2024",82,decidir
169,"Flashcards | Extensivo - Vitalício ",78,decidir
65,"Módulo de português",74,decidir
7,"DIREITO PREVIDENCIÁRIO - Matéria Avulsa",74,decidir
290,"Passaporte Agosto Vitalício - Ganhadores da Copa",72,decidir
12,"DIREITO DO TRABALHO - Matéria Avulsa",69,decidir
19,"DIREITO EMPRESARIAL - Matéria Avulsa",67,decidir
9,"DIREITO FINANCEIRO - Matéria Avulsa",67,decidir
22,"DIREITO PROCESSUAL DO TRABALHO - Matéria Avulsa",61,decidir
172,"Flashcards | Extensivo - 12 meses",60,decidir
5,"DIREITO PREVIDENCIÁRIO PÚBLICO - Matéria Avulsa",56,decidir
192,"Extensivo Janeiro 2026",54,decidir
32,"Extensivo - Turma Fevereiro 2024",53,decidir
16,"DIREITO PROCESSUAL PENAL - Matéria Avulsa",47,decidir
230,"Extensivo Maio 2026 - 2 anos",44,decidir
6,"DIREITO AMBIENTAL - Matéria Avulsa",44,decidir
18,"DIREITO URBANÍSTICO - Matéria Avulsa",43,decidir
8,"DIREITO PENAL - Matéria Avulsa",43,decidir
269,"Extensivo Julho 2026 ",39,decidir
191,"Módulo - PDFights",39,decidir
218,"Extensivo Abril 2026",38,decidir
178,"Extensivo Colaboradores",32,decidir
279,"SFPGMJUNDIAI",31,decidir
196,"Extensivo Fevereiro 2026",30,decidir
98,"Extensivo - Dia do consumidor",26,decidir
21,"DIREITO ECONÔMICO - Matéria Avulsa",26,decidir
20,"DIREITO DO CONSUMIDOR - Matéria Avulsa",22,decidir
297,"Passaporte - Turma Setembro de 2026",21,decidir
250,"Extensivo Junho 2026 - 1 anos",21,decidir
17,"DIREITO AGRÁRIO - Matéria Avulsa",20,decidir
162,"Extensivo Novembro - 2025 - 1 ano",19,decidir
29,"Extensivo - Turma Setembro 2023",17,decidir
15,"LEGISLAÇÃO PENAL ESPECIAL - Matéria Avulsa",17,decidir
281,"SFPREF. SANTOS/SP",13,decidir
81,"Extensivo Janeiro 2025 + 1 ano",12,decidir
287,"Passaporte - Turma Agosto de 2026",11,decidir
228,"Extensivo Maio 2026",11,decidir
296,"Extensivo Setembro 2026 ",10,decidir
80,"Extensivo Janeiro 2025 + 6 meses ",10,decidir
74,"Manaus",8,decidir
55,"Módulo do TSE Unificado",7,decidir
288,"Extensivo Agosto 2026 ",3,decidir
204,"Extensivo Março 2026",3,decidir
118,"Extensivo - Turma Julho 2025 + 12 meses",3,decidir
306,"Raciocínio Lógico Matemático - Matéria Avulsa",1,decidir
117,"Extensivo - Turma Julho 2025 + 6 meses",1,decidir
115,"Passaporte - Turma Julho de 2025 + 6 meses",1,decidir
313,"LIVRE",0,decidir
300,"Passaporte Vitalício (T)",0,decidir
193,"Extensivo Janeiro 2026 + 1 ano",0,decidir
157,"180 dias em 7",0,decidir
99,"Amostra Extensivo (Atualizado)",5638,nao_usar
283,"Amostra Passaporte (atualizado)",2256,nao_usar
72,"Mentoria Marco Zero - Iniciante",1996,nao_usar
263,"Amostra Pré-Edital AGU",1908,nao_usar
184,"JurisClub ",1441,nao_usar
73,"Mentoria Meio Campo - Intermediário",1177,nao_usar
226,"Amostra Passaporte ()",1104,nao_usar
106,"Amostra Passaporte - 2 Semanas (desatualizado)",1036,nao_usar
222,"Amostra Jurisclub - Abril 2026",843,nao_usar
64,"Mentoria Faixa Preta - Avançado",408,nao_usar
220,"Amostra Passaporte (desatualizado)",274,nao_usar
160,"Amostra - Extensivo Novembro (desatualizado)",189,nao_usar
289,"Extensivo Vitalício - Agosto 2026 + 1 ano de mentoria",24,nao_usar
170,"Mentoria X-force | 12 meses | Extensivo ",17,nao_usar
224,"Extensivo + 1 ano de Sprints + Mentoria",15,nao_usar
302,"Pré-Edital e Mentoria ENAP + AGU - Turma 2",7,nao_usar
103,"Mentoria - Turma ext abril",7,nao_usar
257,"teste simulado",2,nao_usar
131,"Mentoria - AGU",2,nao_usar
177,"	  Flashcards + Mentoria | Extensivo - 12 meses",1,nao_usar
211,"Teste Steffany",0,nao_usar
209,"teste interno",0,nao_usar
244,"Concurso Simulado AGU",1221,relevante
271,"Semana de atualização - 6 em 7 dias",987,relevante
212,"SFPGEAL2602 - Sprint Final PGE/AL",491,relevante
179,"SFPGMRJ1611 - Sprint Final PGM/RJ",364,relevante
185,"Aulão de Véspera PGM/RJ ",177,relevante
143,"Aulão de véspera PGE MT",164,relevante
301,"Assinatura ENAP + AGU Vitalício",143,relevante
105,"Assinatura Ilimitada PGE/MT",143,relevante
153,"Aulão de véspera PGE TO",129,relevante
37,"Módulo online de prova oral",129,relevante
94,"Sprint Final PGM/Campinas",89,relevante
23,"Aulão de Véspera PGE/PR",88,relevante
34,"Sprint Final Oficial de Justiça TJMT",83,relevante
232,"Sprint 45 dias PGE/AL",80,relevante
194,"Curso de Prova Oral PGE/MT",79,relevante
109,"Sprint Discursiva PGM/Campinas - Com correção",79,relevante
168,"Sprint Discursiva PGE/TO | COM CORREÇÃO",74,relevante
165,"Sprint Discursiva PGE MT | COM CORREÇÃO",73,relevante
247,"SDPGEAC260528 - Sprint Discursiva PGE/AC | COM CORREÇÃO",69,relevante
142,"Sprint Final PGE/MT",69,relevante
309,"Aulão de Véspera - PGM Curitiba",68,relevante
207,"SFAPGERN2603 - Sprint Final Analista da PGE/RN",68,relevante
104,"Pré-Edital PGE/MT",67,relevante
92,"Sprint Discursiva PGM/Aracaju com correção",67,relevante
102,"Sprint Final PGE PI",61,relevante
54,"Sprint Final PGM/Aracaju",60,relevante
58,"Sprint Discursiva PGE/PR - Com Correção",59,relevante
258,"Concurso Simulado - Prova Discursiva",54,relevante
182,"Curso de Prova Oral PGE/ES",54,relevante
140,"Sprint Final PGE/TO",52,relevante
272,"SFPGMMANAUS2607 - Sprint Final PGM/Manaus",50,relevante
202,"SFPGEAC2602 - Sprint Final PGE/AC",47,relevante
208,"SFAPGMPOA2603 - Sprint Analista PGM/Porto Alegre",46,relevante
210,"SFPGMPV2603 - Sprint Final PGM/Porto Velho",45,relevante
265,"SDPGMPV260622 - Sprint Discursiva PGM/Porto Velho - com correção",44,relevante
132,"Pré-Edital PGE/AL - 2025",44,relevante
237,"SFPGERJ2605 - Sprint Final PGE/RJ - sem correção",42,relevante
95,"Curso de Prova Oral - PGE/PR",42,relevante
70,"Curso de Prova Oral PGM Vitória",42,relevante
56,"Pré-Edital AL",42,relevante
50,"Curso de Prova Oral PGE/SP - 07 a 09/11",40,relevante
107,"Sprint Final PGM/Uberlândia",38,relevante
175,"Sprint Discursiva UNICAMP | COM CORREÇÃO",35,relevante
111,"Sprint Final Analista PGM/RJ",33,relevante
304,"SFPGMCURITIBA260921 - Sprint Final PGM/Curitiba",32,relevante
120,"Sprint Discursiva PGE/PI com correção",31,relevante
24,"Curso de Prova Oral PGM Cuiabá - 18 a 20/10",30,relevante
284,"PEPGMCURITIBA260727 - Pré-Edital PGM Curitiba",29,relevante
75,"Sprint Final MPU",29,relevante
3,"Sprint Discursiva PGM Cuiabá com correção",29,relevante
183,"Assinatura Ilimitada PGE/MA",28,relevante
51,"Curso de Prova Oral PGE/SP - 07 a 09/11 (apenas online)",28,relevante
251,"Sprint Final PGM/Itajaí",27,relevante
233,"SFPGMCG2605 - Sprint Final PGM/Campina Grande - sem correção",26,relevante
225,"SFPGMPGSP2604 - Sprint Final PGM/Praia Grande",26,relevante
158,"Sprint Final ALE/RJ",26,relevante
234,"SFPGMCG2605 - Sprint Final PGM/Campina Grande - com correção",25,relevante
229,"Pacote Especial PGE/AC",25,relevante
141,"Sprint Final PGM Paulínia",25,relevante
198,"Pré-Edital PGM/BH",24,relevante
134,"Assinatura Ilimitada PGE/MT + PGE/TO",23,relevante
93,"Sprint Discursiva PGM/Aracaju sem correção",23,relevante
108,"Pacote Especial PGM/Campinas",22,relevante
53,"Curso de Prova Oral PGE/SP - 06 a 08/12",22,relevante
174,"Sprint Final PGM Senador Canedo/GO",21,relevante
28,"Curso de Prova Oral - PGE/GO - Turma Goiânia",21,relevante
138,"Sprint Final UNICAMP",20,relevante
136,"Sprint Final PGE ES ",20,relevante
112,"Pré-Edital PGE/MT - Turma II",20,relevante
219,"SFALERR2604 - Sprint Final Procurador ALE/RR - Sem Correção",19,relevante
45,"Sprint Final Advogado dos Correios",19,relevante
200,"Sprint Discursiva ALERJ - Com Correção",17,relevante
146,"Combo Legislação Local PGE/MT",17,relevante
293,"CPOPGMRJ260824 - Curso de Prova Oral - PGM/RJ",16,relevante
110,"Sprint Discursiva PGM/Campinas - Sem correção",16,relevante
27,"Curso de Prova Oral - PGE/GO - Turma BSB",16,relevante
57,"Sprint Discursiva PGE/PR - Sem Correção",15,relevante
180,"Pré-edital PGE MA",14,relevante
173,"Pré-Edital PGE/AL e PGE/BA",14,relevante
130,"Sprint Final PGM/Indaiatuba",14,relevante
36,"Sprint Discursiva PGM Juazeiro",14,relevante
266,"PEPGERS2606 - Pré-Edital PGE/RS",13,relevante
199,"Sprint Discursiva ALERJ - Sem Correção",13,relevante
243,"SFPGMCANOAS260527 - Sprint Final PGM/Canoas",12,relevante
221,"SFALERR2604 - Sprint Final Procurador ALE/RR - Com Correção",11,relevante
176,"Sprint Discursiva UNICAMP | SEM CORREÇÃO",11,relevante
133,"Pré-Edital PGE/MT + PGE/TO",11,relevante
46,"Sprint Final Analista da PGM Fortaleza",11,relevante
239,"Sprint Discursiva PGM/RJ | COM CORREÇÃO ",10,relevante
167,"Sprint Discursiva PGE/TO | SEM CORREÇÃO",10,relevante
253,"Pacote Especial PGM/Porto Velho",9,relevante
166,"Sprint Discursiva PGE MT | SEM CORREÇÃO",9,relevante
154,"Sprint Final ALE/AM",9,relevante
299,"SFPGMALVORADA2609 - Sprint Final PGM/Alvorada",8,relevante
246,"Sprint Final PGM/Araguaína - Com correção",8,relevante
236,"SFPGMFI2605 - Sprint Final PGM/Foz do Iguaçu",8,relevante
148,"Disciplina Avulsa – Direito Agrário PGE/MT",8,relevante
63,"Sprint Final PGM Sinop",8,relevante
59,"Sprint Final TJR PGE/CE",8,relevante
305,"CPOALERR2609 - Curso de Prova oral - ALE RR - online",7,relevante
285,"Pacote Especial PGE/RJ",7,relevante
186,"Sprint Final + Discursiva COM CORREÇÃO | Câmara Municipal de Boa Vista/RR",7,relevante
151,"Disciplina Avulsa – Princípios Institucionais da Advocacia Pública PGE/MT",7,relevante
262,"Curso de prova oral ALE/RJ",6,relevante
261,"SDPGMPG260617 - Sprint Discursiva PGM Praia Grande_Com Correção",6,relevante
255,"Sprint Final PGE/MA",6,relevante
307,"SDPGMMANAUS - Sprint Discursiva PGM/Manaus - com correção",5,relevante
121,"Sprint Discursiva PGE/PI sem correção",5,relevante
35,"Aulão de Véspera TJMT",5,relevante
264,"SDPGMPV260622 - Sprint Discursiva PGM/Porto Velho - sem correção",4,relevante
248,"Sprint Discursiva PGE/AC | SEM CORREÇÃO",4,relevante
187,"Sprint Final + Discursiva SEM CORREÇÃO | Câmara Municipal de Boa Vista/RR",4,relevante
147,"Combo de Simulados PGE/MT",4,relevante
252,"Pacote Especial PGM/Praia Grande",3,relevante
171,"Preparação Discursiva para Procuradorias",3,relevante
150,"Disciplina Avulsa – Direito Ambiental PGE/MT",3,relevante
149,"Disciplina Avulsa – Direito do Trabalho e Direito Previdenciário PGE/MT ",3,relevante
298,"SFSETECCAMP - Sprint Final SETEC/Campinas",2,relevante
311,"Assinatura ENAP + AGU - Turma 02",1,relevante
310,"Sprint Discursiva PGM/Itajaí",1,relevante
308,"SDPGMMANAUS - Sprint Discursiva PGM/Manaus - sem correção",1,relevante
294,"SFPGERJESP2608 - Sprint Discursiva PGE/RJ - Sem correção",1,relevante
260,"SDPGMPG260617 - Sprint Discursiva PGM Praia Grande_Sem Correção",1,relevante
242,"SFPGMRJ2 - Sprint Discursiva PGM/RJ | SEM CORREÇÃO ",1,relevante
155,"Sprint Final PGM Belém",1,relevante
152,"VadeMecum Tuiuiú – Vade de Legislação Local da PGE/MT",1,relevante
312,"SFPGERJESP2608 - Sprint Discursiva PGE/RJ - Com correção",0,relevante
295,"Sprint 45 dias PGM/Campina Grande",0,relevante
292,"CPOPGEAC2108 - Curso de Prova Oral - PGE/AC",0,relevante
286,"Radar Procuradorias",0,relevante
254,"Pacote Especial PGM/Senador Canedo",0,relevante
245,"Sprint Final PGM/Araguaína - Sem correção",0,relevante
223,"Sprintoria pelo Brasil ",0,relevante
213,"Aulão de véspera PGE/AL ",0,relevante
201,"Sprint Final Procon/RJ",0,relevante