nome,email,sequencia,ultimo_dia
"ALESSANDRO EDUARDO FONSECA","alessandrofonseca.adv@gmail.com","3","2026-09-23"
"Mariana Iorio","mariana.iorio1@gmail.com","3","2026-09-23"
"Maria Helena Passos","mhpassos02@gmail.com","3","2026-09-23"
"Hytallo Barbosa da Costa","hytallobdc@gmail.com","3","2026-09-23"
"Cristiano Fernandes Da Silva","cristiano2fernandes@gmail.com","3","2026-09-23"
"Samanta Dorote Goncalves Fernandes","dorotesamanta@gmail.com","3","2026-09-23"
"Clarice Saavedra Vieira","claricesaavedravieira@gmail.com","3","2026-09-23"
"Ricardo Delgado Preti","preti_ricardo@hotmail.com","3","2026-09-23"
"Fabianne","efabianne@gmail.com","3","2026-09-23"
"Rodrigo R Felipe","digofla@gmail.com","3","2026-09-23"
"Felipe Maximo Munayer","adv.munayer@gmail.com","3","2026-09-23"
"Gelson Andrey Dierk Pereira","andreey@hotmail.com","3","2026-09-23"
"Grasielly Elias Da Silva","grasiellyelias@gmail.com","3","2026-09-23"
"Hugo Soares Trajano","hugotrajano.adv@gmail.com","3","2026-09-23"
"Maria Carolina De Araujo Gueiros Mallmann","carolinagueiros96@gmail.com","3","2026-09-23"
"Fabiana Fernandes De Godoy","fabigodoyfabi@gmail.com","3","2026-09-23"
"Vitor De Checchi Garcia","vitordg27@gmail.com","3","2026-09-23"
"Camila Silva De Oliveira Zaidan","camylazaidan@gmail.com","3","2026-09-23"
"Gustavo Almeida Da Silva","gugalmeida.s@gmail.com","3","2026-09-23"
"Gabriel Brandão Leite Ramos","gabriel.ramos0311@gmail.com","3","2026-09-23"
"Emanuela Oliveira Mendes","manumendesoliveira07@gmail.com","3","2026-09-23"
"Gustavo Mariano De Amorim Silva","gustavomariano0610@gmail.com","3","2026-09-23"
"Fabio Luis Ribeiro Andrade","fabiolr.andrade@gmail.com","3","2026-09-23"
"Lucas Ribeiro Lima","lucastibeirolima0417@gmail.com","3","2026-09-23"
"Andryws Salles Alves Oliveira","andrywsalves@gmail.com","3","2026-09-23"
"Bárbara Rocha","barbaraarocha.sz@gmail.com","3","2026-09-23"
"Beatriz Miranda Nunes","beattrizm.adv@gmail.com","3","2026-09-23"
"Antonio Salvador Borges Dos Reis Moniz De Aragão","antoniomonizaragao@hotmail.com","3","2026-09-23"
"Washington Monteiro Santos","uostosantos@gmail.com","3","2026-09-23"
"Carina Esteffany Bezerra De Moraes","carinaebmoraes@gmail.com","3","2026-09-23"
"Nayara Alves Cordeiro","nayaraacordeiro@gmail.com","3","2026-09-23"
"Saulo Neves","saulovneves@gmail.com","3","2026-09-23"
"Vitor Manoel Costa Brito","cbvitorm02@gmail.com","3","2026-09-23"
"Renata Lima Da Costa","re.jus09@gmail.com","3","2026-09-23"
"Ivson De Aguiar Barreto","ivsonbarreto@gmail.com","3","2026-09-23"
"Grace Seong Joo Kim","grace2000kim@gmail.com","3","2026-09-23"
"Thiago Furtado","ofthiago21@gmail.com","3","2026-09-23"
"Marcus Gabriel Nunes Quintana","gabrielq678@gmail.com","3","2026-09-23"
"Jussara Daiane Da Silva","jussaradsilva@gmail.com","3","2026-09-23"
"Gabriel Bittar","gabrielfjbittar@gmail.com","3","2026-09-23"
"Maria Clara Oliveira Figueiredo Silva","mariaclara.adv@proton.me","3","2026-09-23"
"Mariano F Britto","marianobritto@gmail.com","3","2026-09-23"
"Eduardo Alves Medeiros","eduardoalvesmedeiros@hotmail.com","3","2026-09-23"
"Alessandra M Barreto","ambarretoadv@hotmail.com","3","2026-09-23"
"Jorge Pinheiro Dias Fernandes Filho","jpdffilho@gmail.com","3","2026-09-23"
"Ana Laura Machado Rodrigues","analauramr01a@gmail.com","3","2026-09-23"
"João Marcello Oliveira da Silva Cardoso","joaomarcello774@gmail.com","3","2026-09-23"
"Maria Antônia Chaves Reis Rezende Dutra","mariaantoniadutra12@gmail.com","3","2026-09-23"
"Luma Ferreira Da Silva Moura","luma.fsm@gmail.com","3","2026-09-23"
"João Pedro Petrico Teixeira","joaopetrico@gmail.com","3","2026-09-23"
"Samuel Martins Dos Santos","samuelmartinsdossantos.1977@gmail.com","3","2026-09-23"
"Flávia Nicchio Valentim","flavianvalentim@gmail.com","3","2026-09-23"
"Paula Alves Santos","inha_paula@yahoo.com.br","3","2026-09-23"
"Reinaldo Cruz","reinaldo.rvcn@gmail.com","3","2026-09-23"
"Mário Sérgio Silva Santos","mariosergiosto@gmail.com","3","2026-09-23"
"Edmundo Gonçalves Brueckheimer","edvoga@gmail.com","3","2026-09-23"
"Henry Hoyer De Mello","henry.hoyer.mello@gmail.com","3","2026-09-23"
"Rachel Lambertucci Nogueira Branco","rachellambertucci@gmail.com","3","2026-09-23"
"Luciana Rawicz","luciana.rawicz@gmail.com","3","2026-09-23"
"Helena De Lucena Santos","helena.lucena123@gmail.com","3","2026-09-23"
"João Victor De Almeida Soares","joaoalres@hotmail.com","3","2026-09-23"
"Raquel Carlos Da Rocha","raquelcarlosr@gmail.com","3","2026-09-23"
"Carlos Alberto Santos Felix","carlosalbertosfrj@gmail.com","3","2026-09-23"
"Iza Florêncio de Carvalho","izaflorencioadv@gmail.com","3","2026-09-23"
"Renato Nonato Xavier Sobrinho","renatoxaviersadv@gmail.com","3","2026-09-23"
"Nátally Rodrigues Bernardes","natallybernardes@gmail.com","3","2026-09-23"
"Jullia Caliman","jucalimanvilela@gmail.com","3","2026-09-23"
"Rafaella Morato Nasralla","rafaella.nasralla@hotmail.com","3","2026-09-23"
"Matheus Gomes Fávaro","matheusgomes0@hotmail.com","3","2026-09-23"
"Priscila Cabral Lestro","prilestro@gmail.com","3","2026-09-23"
"Mariana Sasso","marianasasso.adv@gmail.com","3","2026-09-23"
"Daniel Almeida Silva Martins","dasmartins@gmail.com","3","2026-09-23"
"Anne Moura","louiseanne00@gmail.com","3","2026-09-23"
"David Dantas Toscano De Brito","davidtoscanopc@gmail.com","3","2026-09-23"
"Larissa Rojas","larirojas1@hotmail.com","3","2026-09-23"
"Carla Pinheiro","c.pinheirolima@gmail.com","3","2026-09-23"
"Marcelo Yamamoto","marcelo.juridico@gmail.com","3","2026-09-23"
"Júlio César Santos França","juliocesarfranca@outlook.com","3","2026-09-23"
"João Vitor Ferreira Batista","joaovitorfb.adv@gmail.com","3","2026-09-23"
"Danielle Lins","dalisibh@yahoo.com.br","3","2026-09-23"
"SHEILA CRISTIANE BARROZO DA SILVA","s.barrozoadvocacia@gmail.com","3","2026-09-23"
"Isabella Victoria Aranha Ribeiro","isabellav.aranha@gmail.com","3","2026-09-23"
"Joao Pedro De Andrade Maia","joaopedro020702@gmail.com","3","2026-09-23"
"Mathews Ottho","mathews_schutze@hotmail.com","3","2026-09-23"
"Ana Leticia Siqueira","csiqueira.ana@gmail.com","3","2026-09-23"
"Maria Júlia De Magalhães Abreu Nascimento","mariajuliamanascimento@gmail.com","3","2026-09-23"
"Ana Carolina Oliveira","anacarolinapfo@gmail.com","3","2026-09-23"
"Isabella Diniz Da Rocha","isabelladiniz.rocha@gmail.com","3","2026-09-23"
"Jessica Silva","jessicaparica@gmail.com","3","2026-09-23"
"Bruna Santos","bruna.direito17@gmail.com","3","2026-09-23"
"Cássio Santos","cvinicius.tecnico@live.com","3","2026-09-23"
"Priscila Knoop","prittknoop@gmail.com","3","2026-09-23"
"Yngrid Lima Guimaraes","yngridlimaguimaraes@gmail.com","3","2026-09-23"
"Leila Cássia Da Silva Nascimento","leilacassianascimento388@gmail.com","3","2026-09-23"
"Andrea Mazzei","deia_mazzei@hotmail.com","3","2026-09-23"
"Patricia Siervo Freitas","patriciasiervo@gmail.com","3","2026-09-23"
"Caroline Maria Velanes Vilela","carolinevelanes07@gmail.com","3","2026-09-23"
"Gabriel Bonsaglia","gabriel.bacosta@gmail.com","3","2026-09-23"
"Aryadne Sayuri Suzukawa Vargas","aryadne.vargas7@gmail.com","3","2026-09-23"
"Bruna Coelho Portugal Guimarães","adv.brunaportugal@gmail.com","3","2026-09-23"
"Daniela Pontes","danielavpontes2208@gmail.com","3","2026-09-23"
"Lucas Haddad Bigaton","lhaddadbigaton@gmail.com","3","2026-09-23"
"Luiza França Santos","luh.fsantos@gmail.com","3","2026-09-23"
"Liniani De Assis Reis","linianipge@gmail.com","3","2026-09-23"
"Lucas Eduardo De Araújo Moreira","lx.eduardo@gmail.com","3","2026-09-23"
"Beatriz Arcoverde Teófilo","biateofilo200@gmail.com","3","2026-09-23"
"Walter Filho","walterpcfilho@gmail.com","3","2026-09-23"
"Valéria Da Costa Mourão","vavacm@gmail.com","3","2026-09-23"
"Juliano Pereira Dos Santos Abrahão","julianopsa2013@gmail.com","3","2026-09-23"
"Marcus Vinicius Oliveira Ramos","ramos.marcus1407@gmail.com","3","2026-09-23"
"Alisson Cristiano Gerhard","alissongerhard@gmail.com","3","2026-09-23"
"Flavio Teixeira De Andrade","flavioandrade@live.com","3","2026-09-23"
"Ana Isabel Silva Menezes","ana.menezes2002@gmail.com","3","2026-09-23"
"Daniela Chiao","daniela.chiao@gmail.com","3","2026-09-23"
"Henrique Carlos Da Silva","ique2006@yahoo.com.br","3","2026-09-23"
"Gabriel De Lima Pereira","gabrieldelimapereira@gmail.com","3","2026-09-23"
"Lucas Teles Monteiro Carvalho","lucastmcarvalho@gmail.com","3","2026-09-23"
"Allanna Dajnna","allannadajnna@hotmail.com","3","2026-09-23"
"Maria Crislaine Dos Santos Lopes","m.crislainelopes@gmail.com","3","2026-09-23"
"Kaciara Vanderley Veiga De Miranda","kaciaramiranda@gmail.com","3","2026-09-23"
"Sarah Soares De Oliveira","sarahs.oliveira@hotmail.com","3","2026-09-23"
"Mariana Haddad Vilhena","marihv26@gmail.com","3","2026-09-23"
"Felipe Rodrigues Dos Santos","feliipers@hotmail.com","3","2026-09-23"
"Luiz Alberto Gomes Barbosa Neto","luizalbertoneto@gmail.com","3","2026-09-23"
"Daniela Rolim","dani.cavagnari@gmail.com","3","2026-09-23"
"Milana Moura","milanamoura.m@gmail.com","3","2026-09-23"
"Gilberto Bilacchi","gilbertobilacchijr@gmail.com","3","2026-09-23"
"Alana Barros","alanabarros18@gmail.com","3","2026-09-23"
"Stephanie Gabrielle Neves Santos","stephaniesantosdireito@gmail.com","3","2026-09-23"
"Guilherme Bonfim Cerqueira","bonfim.guilherme.c@gmail.com","3","2026-09-23"
"Marcelo Araújo","celoac94@gmail.com","3","2026-09-23"
"Joel Ananias Dos Santos Neto","joel-ananias@hotmail.com","3","2026-09-23"
"Sueli Silveira","suelifsilveira@yahoo.com.br","3","2026-09-23"
"Joao","joao@gmail.com","3","2026-09-23"
"Mario Moreira","mariomoreira.adv@gmail.com","3","2026-09-23"
"Mariana Coutinho","maricscoutinho@hotmail.com","3","2026-09-23"
"Karla Amorim Tomé","karla2morim@gmail.com","3","2026-09-23"
"Miguel Dos Santos Gomes","essenciajuridicaemfoco@gmail.com","3","2026-09-23"
"Rosenil Máximo Dos Santos","ross.maximo@hotmail.com","3","2026-09-23"
"Laís Castilho Barreto","laiscastilhobarreto@gmail.com","3","2026-09-23"
"Amanda Monike Prado Pimentel","amanda.monikeprado@gmail.com","3","2026-09-23"
"Victoria Candido Sousa","victoriapudim25@gmail.com","3","2026-09-23"
"Carlos Cesar Sousa Soares Neto","carloscesarneto.adv@gmail.com","3","2026-09-23"
"Sabrina Mendes De Faria","sabrinamfaria@gmail.com","3","2026-09-23"
"Rachel Coelhi","coelhoadvocaciaespecializada@gmail.com","3","2026-09-23"
"Stephany Amaral","stephanytrf1@gmail.com","3","2026-09-23"
"Ismael Cerqueira","ismael.cerqueira2210@gmail.com","3","2026-09-23"
"Anita Silva","anitagabrieladeoliveira@gmail.com","3","2026-09-23"
"Francisco Xavier Monteiro Da Franca Junior","franciscofrancajr@hotmail.com","3","2026-09-23"
"Luísa Souza Cruzeiro","luisacruzeiro2002@gmail.com","3","2026-09-23"
"Andressa Fruet","andressafruet55@gmail.com","3","2026-09-23"
"Alessandra Santos Andrade","asandradeadvogada@gmail.com","3","2026-09-23"
"Pericles Moreira Ramos","periclesmr.adv@gmail.com","3","2026-09-23"
"Jefferson Cristiano Bento","advocaciajbento@gmail.com","3","2026-09-23"
"Natália Frazão","nataliafrazaop@gmail.com","3","2026-09-23"
"Luciana Gaspar Moreno Pereira","luciana.gm@hotmail.com","3","2026-09-23"
"Alessandro Ermini","alessandroermini@yahoo.com.br","3","2026-09-23"
"Santo Onei Puhl Martini Junior","santo.martini.jr17@gmail.com","3","2026-09-23"
"Pedro Lucio Soares Correia","pedroluciosc@hotmail.com","3","2026-09-23"
"João Paulo Rabelo Martins","joao.martins@trt12.jus.br","3","2026-09-23"
"Eduardo Dos Santos","ed.santos.direito@gmail.com","3","2026-09-23"
"Natália Cristaldo Fogaça","natycfog@gmail.com","3","2026-09-23"
"Diego Emmanuel Ferreira Pinheiro","diavvocati@gmail.com","3","2026-09-23"
"Diana Louise Teixeira  Pinto Franco","dltpinto@gmail.com","3","2026-09-23"
"Raquel Mendes Carvalho Rodrigues","kellmcr@gmail.com","3","2026-09-23"
"Caio Moreira Costa","caio.camarro@gmail.com","3","2026-09-23"
"Rian Daniel Santa Croce","riandaniel1993@gmail.com","3","2026-09-23"
"Bruno Jackson Pereira","brunojacsonadv@gmail.com","3","2026-09-23"
"Sofia Magalhães Carneiro","sofiamagalhaesc@gmail.com","3","2026-09-23"
"Gilson Freitas","gilson_freitas@hotmail.com","3","2026-09-23"
"Isabella Ramos Moreira","isa-bellaramos@hotmail.com","3","2026-09-23"
"Maria Luiza Oliveira Trindade","trindadeluiza25@gmail.com","3","2026-09-23"
"Luiza Freire Lima","luiza.freirel17@gmail.com","3","2026-09-23"
"Rafael Silva","rafael-j.s@hotmail.com","3","2026-09-23"
"Artur Gabriel De Souza Rocha","ajax0253@yahoo.com","3","2026-09-23"
"José Bartolomeu Da Silva Júnior","bartolomeu.junior21@gmail.com","3","2026-09-23"
"Robson Do Nascimento Ribeiro","robson_mbs@hotmail.com","3","2026-09-23"
"Fabiola Pimpim Do Nascimento","fabiolap.nascimento@gmail.com","3","2026-09-23"
"Eriverton Souza","erivertonsouza@gmail.com","3","2026-09-23"
"Geovana Santana Da Silva","geovannassilva730@gmail.com","3","2026-09-23"
"José Alves","alvessjose@outlook.com","3","2026-09-23"
"Antonio Tadeu do Prado Amorim","tadeulawyer@gmail.com","3","2026-09-23"
"Daniel Graça","graca_daniel@hotmail.com","3","2026-09-23"
"Rafael Nascimento De Faria","sperto1@gmail.com","3","2026-09-23"
"Jonata Carmo Da Silva","jonatacarmosilva@hotmail.com","3","2026-09-23"
"Nayanna C Navega","nayannacarvalhonavega@gmail.com","3","2026-09-23"
"Artur Braga","arturalbraga@yahoo.com.br","3","2026-09-23"
"Roberto Haidar Campos Filho","robertohcf@gmail.com","3","2026-09-23"
"Karyna Karla","karynakarla2010@gmail.com","3","2026-09-23"
"Polyana P O M Vaz","polyanavaz@gmail.com","3","2026-09-23"
"Livia Valentim","livia.valetim@outlook.com","3","2026-09-23"
"Marcos Aurélio Alberto","marcos.jur.adv@gmail.com","3","2026-09-23"
"Tainá Souza","tainamarques2801@hotmail.com","3","2026-09-23"
"Camila Ignacio Rodrigues Dos Santos","camilaignacio2119@gmail.com","3","2026-09-23"
"Tiago Jose Camboim De Souza","tiagocamboim@gmail.com","3","2026-09-23"
"Artur Dos Reis","arturfilho.adv@gmail.com","3","2026-09-23"
"Dani Rocha","drteixeira@ymail.com","3","2026-09-23"
"Vitor Lima","vitor-lima-alves@hotmail.com","3","2026-09-23"
"Felipe Canan","felipe_canan@hotmail.com","3","2026-09-23"
"Maria Vitória Soares Pinto","mariavitoriapinto@outlook.com","3","2026-09-23"
"Natalia Roese","nataliaroese@hotmail.com","3","2026-09-23"
"Ramon Tabosa Pinto","ramontabosap@gmail.com","3","2026-09-23"
"Gabriela Parra Santilio","advgabrielaparra@gmail.com","3","2026-09-23"
"Nicole Alves","niccalves@hotmail.com","3","2026-09-23"
"Henio Antonio Nunes De Sa Leitao","henioprocuradoria@gmail.com","3","2026-09-23"
"João Lucas Ribeiro Da Costa","joaolucsr@gmail.com","3","2026-09-23"
"Bárbara Galvão","barbaragalvaob@outlook.com","3","2026-09-23"
"Gabriel Siloé De Souza Tavares","gabrielsiloe09@gmail.com","3","2026-09-23"
"Edson Felipe Nascimento Da Silva","edson_phelipe@yahoo.com.br","3","2026-09-23"
"Francieli Meotti","francielimeotti@gmail.com","3","2026-09-23"
"Jean Afonso","jeansfonso68@gmail.com","3","2026-09-23"
"Swellen Cardoso","swtcardoso@gmail.com","3","2026-09-23"
"Arisson Alves Da Costa","arisson.ths@gmail.com","3","2026-09-23"
"Tatiane Queiroz","tatianeaq@hotmail.com","3","2026-09-23"
"Gabriel Salomão Spier","gsspier@gmail.com","3","2026-09-23"
"Darlene De Souza Pereira","darlenesouza2014@gmail.com","3","2026-09-23"
"Vinícius Barroso Soares","viniciusauditorfiscal13@gmail.com","3","2026-09-23"
"Joao Giunco","jfgiunco@gmail.com","3","2026-09-23"
"Bruno César Dos Santos Guimarães","bruno.cesar.direito@gmail.com","3","2026-09-23"
"Luis Fernando Carvalho Da Silva","cluisfernando661@gmail.com","3","2026-09-23"
"Carlos Eduardo Nunes Ferreira Santos","carloseduardonfs4899@gmail.com","3","2026-09-23"
"Morgana Coelho Batista Cavalcante Nogueira","morgananogueira05@gmail.com","3","2026-09-23"
"Karina Moreira","karinamoreirarmaterialconcurso@gmail.com","3","2026-09-23"
"Danúbio De Oliveira Carvalho Reichmann","danubio.reichmann@gmail.com","3","2026-09-23"
"Jeronimo Samita Waldschmidt Maia","samitamaia@gmail.com","3","2026-09-23"
"Thiara Cezano Magewski Bastianello","thiara_cm@yahoo.com.br","3","2026-09-23"
"Allana Rodrigues Da Cruz","allanarodrigues07@hotmail.com","3","2026-09-23"
"Flávia Renata Feitosa Carneiro","frunipesq@gmail.com","3","2026-09-23"
"Vitor Passos Fernandes","vitorpassosfernandes@gmail.com","3","2026-09-23"
"Eduarda De Souza Faria","eduardafaria.esf@gmail.com","3","2026-09-23"
"Livia Marques","liviamarques1504@gmail.com","3","2026-09-23"
"Rafael Mantovani Barbosa","rafaelmantovanibarbosa@hotmail.com","3","2026-09-23"
"Paulo Betarelle","paulobetarelle@gmail.com","3","2026-09-23"
"Gleydson Ferreira Andrade","contato.gleydsonandrade@gmail.com","3","2026-09-23"
"Laisla Tifani De Souza","laislatifani00@gmail.com","3","2026-09-23"
"Gabriela - Copy Revisão","gabrielasousa53@gmail.com","3","2026-09-23"
"Leo Fuzzatti","leo.fuzzatti7@gmail.com","3","2026-09-23"
"Ademir José Da Silva Loureiro","ademir.silva@ymail.com","3","2026-09-23"
"Luiza Fabricio","luizapassarin@gmail.com","3","2026-09-23"
"Gabriel De Melo Santana","gabriel.demelo.santana@gmail.com","3","2026-09-23"
"Viviane Taís Azoia","vivianeazoia@gmail.com","3","2026-09-23"
"Luciano Neves Silva","luciano.pge2024@gmail.com","3","2026-09-23"
"Rhauá Hulek Linario Leal Costa","rumoaprocuradoriamt@gmail.com","3","2026-09-23"
"José Victor Torres Nascimento","josevtorres1891@gmail.com","3","2026-09-23"
"Anna Karollyne Moreira Santos Andrade","advannakarollyne@gmail.com","3","2026-09-23"
"Thais Marley Ferreira Da Silveira","thasmfsilveira@gmail.com","3","2026-09-23"
"Joice Alves Vargas Soares Acácio","joice_vvs@hotmail.com","3","2026-09-23"
"Natália Silva","natalia.silv112@gmail.com","3","2026-09-23"
"Bruna Da Silva Menezes","silvamenezesbruna@gmail.com","3","2026-09-23"
"Valéria Kotacho Lopes","valeriaklopes@gmail.com","3","2026-09-23"
"Juan Esteves Laufer Hubner","juan.esteves1993@gmail.com","3","2026-09-23"
"Clodoaldo Cardoso Leite Júnior","clodoaldocardosoleite@gmail.com","3","2026-09-23"
"Hugo Marinho Emidio De Barros","hugomeb@gmail.com","3","2026-09-23"
"Herson Wandler Da Silveira Cougo","hcougo84@gmail.com","3","2026-09-23"
"Mariana Fillietaz","fillietazm@gmail.com","3","2026-09-23"
"Eulalia Nogueira Mota Rivelli","nogueiramotae@gmail.com","3","2026-09-23"
"Rafael","rafaelmof.adv@hotmail.com","3","2026-09-23"
"Guilherme De Barros Rodrigues","guilherme.concp@outlook.com","3","2026-09-23"
"Michael Peres Torres","mptorres.bm@gmail.com","3","2026-09-23"
"Cássia Pessôa Simas Ribeiro","cinhaba@gmail.com","3","2026-09-23"
"Tainara Cristiane Moreira De Lima","adv.tainaralima@gmail.com","3","2026-09-23"
"Tiago Santos Simples De Oliveira","tssobahia@gmail.com","3","2026-09-23"
"Naiara Lima","naiaradelima23@gmail.com","3","2026-09-23"
"Martha Almeida","marthamarruas@gmail.com","3","2026-09-23"
"Isabella Araújo","isabellacarvalho.adv@gmail.com","3","2026-09-23"
"Welber Silva Santos","welber96@hotmail.com","3","2026-09-23"
"Rodrigo Vieira","rfd.vieira@gmail.com","3","2026-09-23"
"Deyvison Castelo","dscsouza@gmail.com","3","2026-09-23"
"Maria Moitinho","victoriatmoitinho@gmail.com","3","2026-09-23"
"Breno Matheus Farias de Sousa","brenofariasousa@gmail.com","3","2026-09-23"
"Tiago Araújo De Medeiros","tiagoarauj85@gmail.com","3","2026-09-23"
"João Queiroz","joaokeroz@hotmail.com","3","2026-09-23"
"Mônica Alencar","moalencar18@gmail.com","3","2026-09-23"
"Lorena Escher","lorenaescher@hotmail.com","3","2026-09-23"
"Hellen Lúcia Souza De Brito","hellen.hlss@gmail.com","3","2026-09-23"
"Pedro Vitor Pedra","pedrovitorpedra@gmail.com","2","2026-09-23"
"Bárbara Maria De Oliveira Maciel Pinheiro","barbaramariaomp@gmail.com","2","2026-09-23"
"Danielle Fonseca-Sena","danixfonseca@yahoo.com.br","2","2026-09-23"
"Glayce Kedma Nascimento Pelaes Turchetto","kedmapelaes@yahoo.com.br","2","2026-09-23"
"Everton Araujo","drearaujothe@gmail.com","2","2026-09-23"
"Alif Ronaldo Soares Domingues","alifsoares.acad@outlook.com","2","2026-09-23"
"Juliane Elvira Bruch Batista","bruch.juliane@gmail.com","2","2026-09-23"
"Jacinta Dias Barros","jacinta.barros@yahoo.com.br","2","2026-09-23"
"Davy Elisverton Alves De Sousa","davy.elisverton@gmail.com","2","2026-09-23"
"Elisangela Teixeira Dos Santos","elisangela.txr@gmail.com","2","2026-09-23"
"Ana Cecília Sousa Santana Beiró","cecilia.ss@gmail.com","2","2026-09-23"
"Hannah Farias","hannahfariasadv@gmail.com","2","2026-09-23"
"Henrique Evangelista Neto","henriqueevangelista_93@hotmail.com","2","2026-09-23"
"Marcus Vinicius","vinicius.bst@gmail.com","2","2026-09-23"
"Júlia Isabelle Oliveira Do Carmo","juliaisabelle489@gmail.com","2","2026-09-23"
"Alessandra","alebardelini@gmail.com","2","2026-09-23"
"Rebeca Maciel","rebecagmaciel22@gmail.com","2","2026-09-23"
"Carlos Reclibe Gomes Vilela","carlos.reclibe@gmail.com","2","2026-09-23"
"Andre Luiz Salge Pereira","salg.pereira@gmail.com","2","2026-09-23"
"Érica Martins Figueiredo","emfigueiredo@yahoo.com.br","2","2026-09-23"
"Victor Constantino Neves","victor.neves.concursos@gmail.com","2","2026-09-23"
"Cícero Moura Do Nascimento","ciceromouradf@gmail.com","2","2026-09-23"
"Antonio Junior Quintino","rjquintino@yahoo.com.br","2","2026-09-23"
"Perereca","matheusevaristo.revisaopge@gmail.com","2","2026-09-23"
"Luiz Nogueira","lluiz.nog@gmail.com","2","2026-09-23"
"Rodrigo De Sousa Medeiros","medeirosrodrigo0801@gmail.com","2","2026-09-23"
"Cristiano Braga","crbraga74@gmail.com","2","2026-09-23"
"Amanda Theresa","amandatheresa05@gmail.com","2","2026-09-23"
"Luzamar Alves Ferreira","luzamar@gmail.com","2","2026-09-23"
"Robson Feitosa Leal Morais","robsonleal.advogado@gmail.com","2","2026-09-23"
"Hlder Monte Cardoso","helder.monte25@hotmail.com","2","2026-09-23"
"Nelissa De Paula Magerote Fuim","nelissadepaula@gmail.com","2","2026-09-23"
"Lucas Clemente","luc.clemente559@gmail.com","2","2026-09-23"
"Jayne Santos","jaynesantosadv@gmail.com","2","2026-09-23"
"Leonardo Gonçalves De Almeida","lelecoleo21@gmail.com","2","2026-09-23"
"Moises De Almeida","moises.frp@hotmail.com","2","2026-09-23"
"Izabela Cristina Perissê De Souza","belaperisse@gmail.com","2","2026-09-23"
"Katarina Alexandra Da Silva","katarinaalexandrads@gmail.com","2","2026-09-23"
"Matheus Vinicius Silva Freire","stmv.freire@gmail.com","2","2026-09-23"
"Beatriz Monteiro","beatrizzmonteiro061@gmail.com","2","2026-09-23"
"Ana Luisa Araújo Dos Santos Alves","an.isaa@hotmail.com","2","2026-09-23"
"Mirian Reis De Jesus","miribio@gmail.com","2","2026-09-23"
"Gabriel De Souza Leão","gabriel.deszleao@gmail.com","2","2026-09-23"
"Ivaldo Bezerra de Lima Junior","ivaldoblj@gmail.com","2","2026-09-23"
"Gabriella Silva","12gabsv@gmail.com","2","2026-09-23"
"Fabiana De Souza Oliveira","fabi8416@hotmail.com","2","2026-09-23"
"Erick Henrique De Padua Faria","ehpfaria@gmail.com","2","2026-09-23"
"Ana Léa Chagas Marçal","anna.marcal@hotmail.com","2","2026-09-23"
"Fabricia Soares Da Costa Aragao","fabriciadacosta@hotmail.com","2","2026-09-23"
"Bruna Mariano Chideroli","bmchideroli@outlook.com","2","2026-09-23"
"Pedro Henrique Souza De Brito Cardoso","advpedrohcardoso@gmail.com","2","2026-09-23"
"Gilvanddo Meireles Da Silva Junior","giljunior242@gmail.com","2","2026-09-23"
"Victória De Pontes Merçon","victoriapmercon@gmail.com","2","2026-09-23"
"Yuri Porfirio Guimaraes","yuriporfirio@gmail.com","2","2026-09-23"
"Ana L L G X Silva","analuizagranjaxavier@gmail.com","2","2026-09-23"
"Danielly Caminha","danielly_caminha@hotmail.com","2","2026-09-23"
"Stefano Martello","stefanomartello2@gmail.com","2","2026-09-23"
"Misael Oliveira","misaelsousal.oliveira@gmail.com","2","2026-09-23"
"Pedro Martins","pedrohgcmartins@gmail.com","2","2026-09-23"
"Giovani Bonatto","bonatto.giovani@gmail.com","2","2026-09-23"
"Adriana Cordeiro De Melo","acordeirodemelo@yahoo.com.br","2","2026-09-23"
"Patricia Marques","mmarques.patricia@gmail.com","2","2026-09-23"
"Laysi Soares Rodrigues Silva","laysisoares@outlook.com","2","2026-09-23"
"Débora Melo","claizoni@gmail.com","2","2026-09-23"
"Erik Renan Soares Fernandes","renanfernandesadvocacia@gmail.com","2","2026-09-23"
"Raisa Coelho Fernandes","raisacoelho.fernandes@gmail.com","2","2026-09-23"
"Maria Fernanda Davino Ferreira","mariafernandadavino@gmail.com","2","2026-09-23"
"Joao Ricardo Fraga Vieira","joaoricardofv@gmail.com","2","2026-09-23"