nome,email,sequencia,ativo_hoje,ultimo_dia
"Maria Clara Correia Santos","mclara.correiaa@gmail.com","4","sim","2026-09-24"
"Alexia Viana","alexiaguimaraesviana@gmail.com","4","sim","2026-09-24"
"Caio Felipe Baptista Coelho","bapcaio@gmail.com","4","sim","2026-09-24"
"Liliane Azevedo Alcântara Seabra","alc_liliane@hotmail.com","4","sim","2026-09-24"
"Raphael De Alencar Batistella","rbatistella7@gmail.com","4","sim","2026-09-24"
"Agamenon Sobral Freitas Filho","agasobral98@gmail.com","4","sim","2026-09-24"
"Aline Vanin","alinevanin95@gmail.com","4","sim","2026-09-24"
"Carlos Alberto Rodrigues Lins Júnior","linsjunior03@gmail.com","4","sim","2026-09-24"
"Jonathan Mehret","jonathan.mehret@hotmail.com","4","sim","2026-09-24"
"Fernando Toledo Gonzalez","ftgnlz@gmail.com","4","sim","2026-09-24"
"Carolina Castilho Nunes Rondon","carolcastilho3232@gmail.com","4","sim","2026-09-24"
"Julliana Monteiro Lessa Neto","julliana.lessa@hotmail.com","4","sim","2026-09-24"
"Arthur Basso Galli","aogalli580@gmail.com","4","sim","2026-09-24"
"Vitor De Oliveira","vdovitor@hotmail.com","4","sim","2026-09-24"
"Amanda Verissimo Almeida Vale","amandaverissimov.adv@gmail.com","4","sim","2026-09-24"
"Gustavo Fernandes Mota Borba","gustavofmb@gmail.com","4","sim","2026-09-24"
"Eikásia Queiróz Do Nascimento","eikasiaqn@gmail.com","4","sim","2026-09-24"
"Marina Costa Torres","marina.costa.torres22@gmail.com","4","sim","2026-09-24"
"Isaac De Araújo Mendes","isaac1809@hotmail.com","4","sim","2026-09-24"
"Amanda Dos Santos Nascimento","amandasnsc@hotmail.com","4","sim","2026-09-24"
"Fabrício Dos Reis Gomes Júnior","fabriciojunior.jus@gmail.com","4","sim","2026-09-24"
"Wellyn Nascimento","wellyn.nascimento@gmail.com","4","sim","2026-09-24"
"André Moulin Garschagen Assad","andregassad@gmail.com","4","sim","2026-09-24"
"Diego De Oliveira Griza","diegogriza@gmail.com","4","sim","2026-09-24"
"Maria Eugênia","maria__08@hotmail.com","4","sim","2026-09-24"
"Roberto De Souza Cruz","advocaciarsc@gmail.com","4","sim","2026-09-24"
"Iasmin Lopes","iasminlopes25@gmail.com","4","sim","2026-09-24"
"Francisco Dejean Nobre De Lima","dejeanlima2@gmail.com","4","sim","2026-09-24"
"Octavio Silveira","octaviobartah@gmail.com","4","sim","2026-09-24"
"Andrezza Lopes Pessoa","andrezzalopes20@gmail.com","4","sim","2026-09-24"
"Carolina Lima De Biagi","carollima03@gmail.com","4","sim","2026-09-24"
"Aline Cecilia Ximenes De Andrade Bilbao","aline.cximenes@gmail.com","4","sim","2026-09-24"
"Amanda Navajas Hilsenrath","amanda.navajas@gmail.com","4","sim","2026-09-24"
"Rafael José Alves Barboza","rafaeljbarboza@gmail.com","4","sim","2026-09-24"
"Victor Vicente","victor4vicente@gmail.com","4","sim","2026-09-24"
"Iris Gomes","contatoirisgomes@gmail.com","4","sim","2026-09-24"
"Aline Soares De Lima Soares","alinesdlima1@gmail.com","4","sim","2026-09-24"
"Suzana Almeida Valadao","savgdm@gmail.com","4","sim","2026-09-24"
"Vivian Lopes Martins","vivis.lopes@gmail.com","4","sim","2026-09-24"
"Ingrid Lais Farias Cirne Teodoro","ingridcirneadv@gmail.com","4","sim","2026-09-24"
"Paulo De Lima Dantas","paulodan_lima@yahoo.com.br","4","sim","2026-09-24"
"Ingrid Arantes","ingridarantes03@gmail.com","4","sim","2026-09-24"
"Giani Lucas","gianiluk@gmail.com","4","sim","2026-09-24"
"Maria Eduarda Torato Apolinário","mariaeduardatorato@gmail.com","4","sim","2026-09-24"
"Davi De Castro Braga","davi.adv@outlook.com.br","4","sim","2026-09-24"
"Arthur Ferraz Vasem","arthurfvasem@hotmail.com","4","sim","2026-09-24"
"Glória Beatriz Saraiva De Albuquerque","gloria.de.albuquerque@gmail.com","4","sim","2026-09-24"
"Vinicius Neves","viniciuslimaf@gmail.com","4","sim","2026-09-24"
"Ana Cecília Marques","anaceciliamarques@outlook.com","4","sim","2026-09-24"
"Jianinny Luz","jianinnyluz@gmail.com","4","sim","2026-09-24"
"Bruna Melão Delmondes","brudelmondes@gmail.com","4","sim","2026-09-24"
"Luiz Claudio Santa Rosa","luizcsrosa@gmail.com","4","sim","2026-09-24"
"Daniel Albino Rangel Araujo","danielaraujoo@hotmail.com","4","sim","2026-09-24"
"Lúcio Duarte","lucioraduarte@gmail.com","4","sim","2026-09-24"
"Vinícius Merchiori Forte","viniciusmerchioriforte@gmail.com","4","sim","2026-09-24"
"Leticia Oliveira Cunha","leticiacunha24@yahoo.com.br","4","sim","2026-09-24"
"Rulian Souza","ruliansouza@gmail.com","4","sim","2026-09-24"
"Caio Alves Capoani","caiocapoani@gmail.com","4","sim","2026-09-24"
"Ana Karla Leal Gomes","anakarlalealgomes@gmail.com","4","sim","2026-09-24"
"Italo Morais","itomorais@gmail.com","4","sim","2026-09-24"
"Janaina Ribeiro","janaapribeiro@gmail.com","4","sim","2026-09-24"
"Caio Ramos Matos","crmatos01@gmail.com","4","sim","2026-09-24"
"Rafaele Ferreira Dos Santos","rafaelefniess@gmail.com","4","sim","2026-09-24"
"Giullianne Briltes Otero","giullibriltesotero@gmail.com","4","sim","2026-09-24"
"David Aser","asherdavidbl@gmail.com","4","sim","2026-09-24"
"Ivo Naves Silva Rosa","ivo.nsr@gmail.com","4","sim","2026-09-24"
"Bruno Mazon Dos Santos","bruno_mazon@hotmail.com","4","sim","2026-09-24"
"Vanessa Rodrigues Santos","vanessarelearning@hotmail.com","4","sim","2026-09-24"
"Lara Gabriela Oliveira Melo","laragabrielaomelo@gmail.com","4","sim","2026-09-24"
"Francisco Robson Araújo Pedroza","f.robsonpedroza@gmail.com","4","sim","2026-09-24"
"Carolina Streit Morsch","carol.s.morsch@gmail.com","4","sim","2026-09-24"
"Bruno Silveira Vilanova","brunovilanova11@gmail.com","4","sim","2026-09-24"
"Cauê Mello Da Silva","cauemello@gmail.com","4","sim","2026-09-24"
"Leticia Cordeiro","leticiacordeiro.flores@gmail.com","4","sim","2026-09-24"
"Janaina Gomes Litwak","janainalitwak@gmail.com","4","sim","2026-09-24"
"Krisleyne Ferreira Da Silva","krisleyneferreira@gmail.com","4","sim","2026-09-24"
"Daniel Porto De Araújo","danielportoaraujoo@gmail.com","4","sim","2026-09-24"
"Mariana Julie Garcia Maia De Castro","marianajgm@gmail.com","4","sim","2026-09-24"
"Gardênia Barbosa Reis Cavalcante","gard13.cavalcante@gmail.com","4","sim","2026-09-24"
"Natacha Souza Jones","natachasjones@gmail.com","4","sim","2026-09-24"
"Adriano Cesar Soares Pires","adrianorio281@gmail.com","4","sim","2026-09-24"
"João Paulo Ferreira Ramos Da Silva","joaopramos06@gmail.com","4","sim","2026-09-24"
"Priscilla Cappelletti","priscilla.cappelletti@gmail.com","4","sim","2026-09-24"
"Luis Felipe Cabrera Rodrigues","luisfcabrera@outlook.com","4","sim","2026-09-24"
"Mariana Freiria Dallacqua","marianaadallacqua@gmail.com","4","sim","2026-09-24"
"bruno","brunogarz@outlook.com","4","sim","2026-09-24"
"Beatriz Lima","beatrizmariarlima@gmail.com","4","sim","2026-09-24"
"Isabelle De Queiroz Xavier Gaboardi","isabellequeiroz.adv@gmail.com","4","sim","2026-09-24"
"Lucas De Oliveira Correia","correialucas187@gmail.com","4","sim","2026-09-24"
"Livia Trindade","livtrindades2002@gmail.com","4","sim","2026-09-24"
"Lucas De Carvalho Camatta Rangel","lucascamatta.adv@gmail.com","4","sim","2026-09-24"
"Jurandir Pereira Lima Júnior","jurandirlima101@gmail.com","4","sim","2026-09-24"
"Camila Martins Maschion","cm.maschion@gmail.com","4","sim","2026-09-24"
"Matheus Henrique Dos Reis Martins","matheusreismartins10@gmail.com","4","sim","2026-09-24"
"Luiza Siqueira","luizasiqueira44@gmail.com","4","sim","2026-09-24"
"Anna Carolina C C Guimaraes","annacarolinacguimaraes@gmail.com","4","sim","2026-09-24"
"Debora Da Costa Cruz","deboracruz@trt23.jus.br","4","sim","2026-09-24"
"Ana Carolina Piassalonga","anapiassalonga@gmail.com","4","sim","2026-09-24"
"Camila Sales Gonçalves","camilasalesg@hotmail.com","4","sim","2026-09-24"
"Nicolli Di Piero Droppa","dipieronicolli@gmail.com","4","sim","2026-09-24"
"Wyllian Bastos","wyllianbastos@hotmail.com","4","sim","2026-09-24"
"Filipe Jurandir Olivera De Aguiar","filipeaguiarofc@gmail.com","4","sim","2026-09-24"
"Welencrisley Araújo Moura","wellencrisley@hotmail.com","4","sim","2026-09-24"
"Pedro Paulo Trindade Farias","pedroptfarias@gmail.com","4","sim","2026-09-24"
"Rejane Cassia Da Cruz","rejanecassia@adv.oabmg.org.br","4","sim","2026-09-24"
"Thalissa Mendes","mxt.concursos@gmail.com","4","sim","2026-09-24"
"Matheus Lima Neri","matheusln99@hotmail.com","4","sim","2026-09-24"
"Igor Lopes Dos Santos","igor.dmqt@live.com","4","sim","2026-09-24"
"Itayana Carla Pereira Da Silva Barrozo","itayana.adv@gmail.com","4","sim","2026-09-24"
"Amanda Da Costa Soares","dcostasoaresamanda@gmail.com","4","sim","2026-09-24"
"Kelly Leslyanne De Souza Ferreira","kelly.ferreira89@gmail.com","4","sim","2026-09-24"
"Douglas De Lima","lima.ddl22@gmail.com","4","sim","2026-09-24"
"Leonardo Bensch","benschleonardo@gmail.com","4","sim","2026-09-24"
"Jéssica Fonseca Machado","jfmaachado@gmail.com","4","sim","2026-09-24"
"Gerson Chiang","chiang.gerson@gmail.com","4","sim","2026-09-24"
"Leonardo Borralho Estevens Cames","leo.cames@gmail.com","4","sim","2026-09-24"
"João Paulo Martins Castanha","joaocastanha2009@hotmail.com","4","sim","2026-09-24"
"Guilherme Kieling","guilhermehkfernandes@gmail.com","4","sim","2026-09-24"
"Douglas Figueiredo","douglas.lgnl@gmail.com","4","sim","2026-09-24"
"Iago Saboya De Carvalho Teixeira","iagosc7@hotmail.com","4","sim","2026-09-24"
"Fernanda Lage Lauriano","fernandalagelauriano@gmail.com","4","sim","2026-09-24"
"Frederico Santos Senisse","fred.s.senisse@gmail.com","4","sim","2026-09-24"
"Thaísa Vianna","thaisavianna87@gmail.com","4","sim","2026-09-24"
"Allan Athaide Souza Filho","allanathaidefilho@hotmail.com","4","sim","2026-09-24"
"Maria Eduarda","mariaeduardaxvr@hotmail.com","4","sim","2026-09-24"
"Joao Marcello Pedote","jmpedote@gmail.com","4","sim","2026-09-24"
"Izadora Caroline Costa","izadoracostad@gmail.com","4","sim","2026-09-24"
"Ana Carolina Da Silva","anenha_@hotmail.com","4","sim","2026-09-24"
"Cinthia Thamony Vilela Capuchinho","capuchinhocinthia@yahoo.com","4","sim","2026-09-24"
"Mariana Do Prado Lima","mariplima280797@gmail.com","4","sim","2026-09-24"
"Marcela Queiroga","marcelaqueirogaadv@hotmail.com","4","sim","2026-09-24"
"Jony Viana De Souza","jony_fozhabita@hotmail.com","4","sim","2026-09-24"
"Anderson Jorge Da Silva","andersonjorgesilva@gmail.com","4","sim","2026-09-24"
"Márcia Texeira Barbosa","marcia.teixera@gmail.com","4","sim","2026-09-24"
"Vanessa Cláudia Tavares","nessatavares13@gmail.com","4","sim","2026-09-24"
"Guilherme Dobo","guilhermedobo@gmail.com","4","sim","2026-09-24"
"Jorge Luís Rodrigues De Almeida Batista","jluisalmeida.batista@gmail.com","4","sim","2026-09-24"
"Izabella Mesquita Mariani Machado","izabellamariani13@gmail.com","4","sim","2026-09-24"
"Ruhan","rfmconcursos2025@gmail.com","4","sim","2026-09-24"
"Enzo Carui Rizetto","rizenzotto@gmail.com","4","sim","2026-09-24"
"Vitória Luísa Albuquerque","vitorialuisaalbuquerque@gmail.com","4","sim","2026-09-24"
"Nicolle Cristine Medeiros","nicollecmedeiros@hotmail.com","4","sim","2026-09-24"
"Fernando Camargo Siqueira","fer.cs@terra.com.br","4","sim","2026-09-24"
"Ian Dos Santos Oliveira Milhomen","ianmilhomen@gmail.com","4","sim","2026-09-24"
"Letícia Tavares","leticiatavars1010@gmail.com","4","sim","2026-09-24"
"Bruna Lorena Pinheiro Lemes","blemes1995@gmail.com","4","sim","2026-09-24"
"Iara Passos Fontes","iaraf712@hotmail.com","4","sim","2026-09-24"
"Beatriz Calixto De Jesus","beatrizpozani@gmail.com","4","sim","2026-09-24"
"Adriane De Cássia Cecatto","adriane_cecatto@hotmail.com","4","sim","2026-09-24"
"Camila Borges dos Santos","camilaborgessantos@hotmail.com","4","sim","2026-09-24"
"Natália Santos","natalia.castrosantos@gmail.com","4","sim","2026-09-24"
"Ana Vilma Santana Munhoz","anavsm22@gmail.com","4","sim","2026-09-24"
"Nara Juliana Oliveira De Sá","narajuju_sa@hotmail.com","4","sim","2026-09-24"
"Nathália Sabrina Gomes Sobral","nathaliasobral_@hotmail.com","4","sim","2026-09-24"
"Karina Lira","karinalira03@gmail.com","4","sim","2026-09-24"
"Diego Francisco De Macedo Holanda","dfmholandda@gmail.com","4","sim","2026-09-24"
"Julia Da Silva Flores Gomes","flores.gomes1@gmail.com","4","sim","2026-09-24"
"Roberta Bomfim","robertasbomfiml@gmail.com","4","sim","2026-09-24"
"Jessé Almeida Guerra","jesseguerra@gmail.com","4","sim","2026-09-24"
"Ivanilce De Fatima De Jesus Barros Alves","ivanilce.barros77@gmail.com","4","sim","2026-09-24"
"Pedro Henrique Motta Muniz","pedrohmotta@live.com","4","sim","2026-09-24"
"Letícia Shubert Marques","leticia_shubert@hotmail.com","4","sim","2026-09-24"
"Paula Gabriela Ferreira Barbosa","pgbarbosaf@gmail.com","4","sim","2026-09-24"
"Camila Daby Ferreira Soares","dabycamila@gmail.com","4","sim","2026-09-24"
"Samuel Boehler Soares","samuelboehler@gmail.com","4","sim","2026-09-24"
"Milena Linhares","milenaglinhares@gmail.com","4","sim","2026-09-24"
"Pedro Igor Saraiva Alves","pedroigor.saraiva1@gmail.com","4","sim","2026-09-24"
"Alessandra Carvalho","carvalho_alessandraa@outlook.com","4","sim","2026-09-24"
"Rodrigo Luiz Pessoa De Oliveira","rodrigoluizpessoa@hotmail.com","4","sim","2026-09-24"
"Stephanies Gregorio Carlos","stephgregorio1@gmail.com","4","sim","2026-09-24"
"Thaís Figueiredo","thaisfigueiredorj@gmail.com","4","sim","2026-09-24"
"Victor Hugo Farnesi","victorhugofarnesi@gmail.com","4","sim","2026-09-24"
"Marcelo Doneda Losso","donedalosso@gmail.com","4","sim","2026-09-24"
"Isadora","isadoramarquescf@gmail.com","4","sim","2026-09-24"
"Aline Brito Moreira Nogueira","alinebrittom@gmail.com","4","sim","2026-09-24"
"Denner Gomes Da Rocha","dennergomesdarocha@gmail.com","4","sim","2026-09-24"
"Júlio Gonçalves Moreira Fontenele","julhofontenele@gmail.com","4","sim","2026-09-24"
"Camilla Linson","camilla.linson@hotmail.com","4","sim","2026-09-24"
"Felipe Marquiafave Teles Artioli Godoi","felipetagodoi@gmail.com","4","sim","2026-09-24"
"Renato Fonseca Do Amaral","rent.amaral@gmail.com","4","sim","2026-09-24"
"Juliana Caruso Puchta","julianacarusopuchta@gmail.com","4","sim","2026-09-24"
"Guilherme Durães Ferreira","gduraes@id.uff.br","4","sim","2026-09-24"
"João Victor Da Silva Pinheiro","jvictorsilvapinheiro1@gmail.com","4","sim","2026-09-24"
"Ana Alice Alécio De Lessa","anaalicealecio91@gmail.com","4","sim","2026-09-24"
"Maria-Vitória Souza Alencar","mariavitorialencar@gmail.com","4","sim","2026-09-24"
"Isabella Rocha","isabellalrochaa@gmail.com","4","sim","2026-09-24"
"Chen Li Wen","liwenlatta@gmail.com","4","sim","2026-09-24"
"Lisiane Santos Francelino Sebben","lsfsebben@gmail.com","4","sim","2026-09-24"
"Paula França","paulinha.francas@yahoo.com.br","4","sim","2026-09-24"
"Maria Eduarda Baldi","mariabaldi_@hotmail.com","4","sim","2026-09-24"
"Jane Paula De Sousa","janepauladesousa@yahoo.com.br","4","sim","2026-09-24"
"Luana Lira","luanaslira@gmail.com","4","sim","2026-09-24"
"Lucas Mondaini Bezerra","lucasmondaini@gmail.com","4","sim","2026-09-24"
"Nathália Cristina Sérgio Avelino","acessomjc@gmail.com","4","sim","2026-09-24"
"Marco Antonio De Lima","marcoalimaa30@gmail.com","4","sim","2026-09-24"
"Ricardo Metz Weitz","ricardo_metz@hotmail.com","4","sim","2026-09-24"
"Lucas Marcelo Da Silva","llucasmarceloo@gmail.com","4","sim","2026-09-24"
"Luiz Eduardo Bicalho Da Silva","luiz.eduardo.dir11@gmail.com","4","sim","2026-09-24"
"Ange Pimentel Sobral","angepimentel@outlook.com","4","sim","2026-09-24"
"Nathalia Agazzi Gaioto","nathaliagaiotoadv@gmail.com","4","sim","2026-09-24"
"Aline Hillesheim","alineh35817@gmail.com","4","sim","2026-09-24"
"Humayra Mayumi Kataiama Hoji","humayrakataiama@gmail.com","4","sim","2026-09-24"
"Gabriel Santos Lima Do Nascimento","gabrielnascimnt1509@gmail.com","4","sim","2026-09-24"
"Isabella Gobbo Perin","isabellagperin@gmail.com","4","sim","2026-09-24"
"Pedro Erdtmann Maia","pedroerdtmann@gmail.com","4","sim","2026-09-24"
"Marília Gomes","biagomes01@gmail.com","4","sim","2026-09-24"
"José Alves De Barcelos Júnior","josebarcelosjr@hotmail.com","4","sim","2026-09-24"
"Gabriela Fernandes Sulzbach","gabiesulzbach@gmail.com","4","sim","2026-09-24"
"Otaviano Carvalho","otaviano.igor@gmail.com","4","sim","2026-09-24"
"Daví Vinícius Freitas Goudinho","davi.goudinho@gmail.com","4","sim","2026-09-24"
"Vivianne Souza Santos","vivianne.vivianne.ss@gmail.com","4","sim","2026-09-24"
"Sílvia Souza Santos Vasconcelos","sill_b612@hotmail.com","4","sim","2026-09-24"
"Julierme Nascimento","juliermeigor@gmail.com","4","sim","2026-09-24"
"Raphael Augusto Guedes De Oliveira Farherr","rphlgs@gmail.com","4","sim","2026-09-24"
"Lia Cruz Moura","liamoura0208@gmail.com","4","sim","2026-09-24"
"Halyne Cristina Guedes Silveira Rocha","halyneguedes@gmail.com","4","sim","2026-09-24"
"Daiane Behling","daianebehling.adv@gmail.com","4","sim","2026-09-24"
"Marlos Breno Silva Marinho","mbreno171@gmail.com","4","sim","2026-09-24"
"Marcelo Rodrigues De Carvalho","marcelorodriguesdecarvalho@gmail.com","4","sim","2026-09-24"
"Aline França Leite","alinefr.concursos@gmail.com","4","sim","2026-09-24"
"Roberto Santos Cavalcanti","roberto_cavalcanti@hotmail.com","4","sim","2026-09-24"
"Débora Carolina Costa Magno","debora_magno@hotmail.com","4","sim","2026-09-24"
"Gabriela Vianna","gabivianna009@gmail.com","4","sim","2026-09-24"
"Fabiola Dias Guimaraes Dalessandro","fdalessandro94@gmail.com","4","sim","2026-09-24"
"Carlos Cornélio Olivi","olivicc@gmail.com","4","sim","2026-09-24"